[{"model": "foodcartapp.restaurant", "pk": 1, "fields": {"name": "Star Burger Арбат", "address": "Москва, ул. Новый Арбат, 15", "contact_phone": "+7 (929) 680-47-58"}}, {"model": "foodcartapp.restaurant", "pk": 2, "fields": {"name": "Star Burger Европейский", "address": "Москва, пл. Киевского Вокзала, 2", "contact_phone": "+7 (929) 949-55-36"}}, {"model": "foodcartapp.restaurant", "pk": 3, "fields": {"name": "Star Burger Цветной", "address": "Москва, Цветной бульвар, 11с2", "contact_phone": "+7 (967) 157-44-13"}}, {"model": "foodcartapp.restaurant", "pk": 4, "fields": {"name": "Star Burger Марьино", "address": "Москва, Батайский проезд, 42", "contact_phone": "+7 (929) 680-47-58"}}, {"model": "foodcartapp.restaurant", "pk": 5, "fields": {"name": "Star Burger Люблино", "address": "Москваб, ул. Совхозная, 41", "contact_phone": "+7 (929) 949-55-36"}}, {"model": "foodcartapp.productcategory", "pk": 1, "fields": {"name": "Бургер"}}, {"model": "foodcartapp.product", "pk": 1, "fields": {"name": "Стейкхаус", "category": 1, "price": "269.00", "image": "steak_jARhYo4.jpg", "special_status": false, "description": ""}}, {"model": "foodcartapp.product", "pk": 2, "fields": {"name": "Лонг Чизбургер", "category": 1, "price": "219.00", "image": "long_chiz_T5IHrz7.jpg", "special_status": false, "description": ""}}, {"model": "foodcartapp.product", "pk": 3, "fields": {"name": "Тройной Воппер", "category": 1, "price": "369.00", "image": "triple_vopper_tomYOUu.jpg", "special_status": false, "description": ""}}, {"model": "foodcartapp.product", "pk": 4, "fields": {"name": "Беконайзер", "category": 1, "price": "550.00", "image": "beconizer.jpg", "special_status": false, "description": ""}}, {"model": "foodcartapp.restaurantmenuitem", "pk": 1, "fields": {"restaurant": 1, "product": 1, "availability": true}}, {"model": "foodcartapp.restaurantmenuitem", "pk": 2, "fields": {"restaurant": 2, "product": 1, "availability": true}}, {"model": "foodcartapp.restaurantmenuitem", "pk": 3, "fields": {"restaurant": 3, "product": 1, "availability": true}}, {"model": "foodcartapp.restaurantmenuitem", "pk": 4, "fields": {"restaurant": 1, "product": 2, "availability": false}}, {"model": "foodcartapp.restaurantmenuitem", "pk": 5, "fields": {"restaurant": 2, "product": 2, "availability": true}}, {"model": "foodcartapp.restaurantmenuitem", "pk": 6, "fields": {"restaurant": 3, "product": 2, "availability": true}}, {"model": "foodcartapp.restaurantmenuitem", "pk": 7, "fields": {"restaurant": 1, "product": 3, "availability": true}}, {"model": "foodcartapp.restaurantmenuitem", "pk": 8, "fields": {"restaurant": 3, "product": 3, "availability": true}}, {"model": "foodcartapp.restaurantmenuitem", "pk": 9, "fields": {"restaurant": 2, "product": 3, "availability": true}}, {"model": "foodcartapp.restaurantmenuitem", "pk": 10, "fields": {"restaurant": 4, "product": 1, "availability": true}}, {"model": "foodcartapp.restaurantmenuitem", "pk": 11, "fields": {"restaurant": 5, "product": 2, "availability": true}}, {"model": "foodcartapp.order", "pk": 63, "fields": {"firstname": "Максим", "lastname": "Калинин", "phonenumber": "+79091111111", "address": "Чайковского, 19", "order_status": "выполнен", "comment": "", "registered_at": "2023-02-15T07:53:19.484Z", "called_at": null, "delivered_at": null, "pay_method": "", "restaurant_that_will_cook": null}}, {"model": "foodcartapp.order", "pk": 64, "fields": {"firstname": "Максим", "lastname": "Калинин", "phonenumber": "+79091111111", "address": "Чайковского, 19", "order_status": "выполнен", "comment": "Без помидоров!!!", "registered_at": "2023-02-15T07:53:19Z", "called_at": "2023-02-15T08:51:45Z", "delivered_at": "2023-02-15T08:51:47Z", "pay_method": "Наличными", "restaurant_that_will_cook": null}}, {"model": "foodcartapp.order", "pk": 65, "fields": {"firstname": "Максим", "lastname": "Калинин", "phonenumber": "+79091111111", "address": "Маршала Голованова, 17", "order_status": "готовится", "comment": "", "registered_at": "2023-02-15T07:53:19Z", "called_at": null, "delivered_at": null, "pay_method": "Сразу, электронно", "restaurant_that_will_cook": null}}, {"model": "foodcartapp.order", "pk": 66, "fields": {"firstname": "Максим", "lastname": "Калинин", "phonenumber": "+79091111111", "address": "Маршала Голованова 13", "order_status": "готовится", "comment": "", "registered_at": "2023-02-15T07:53:19Z", "called_at": null, "delivered_at": null, "pay_method": "", "restaurant_that_will_cook": null}}, {"model": "foodcartapp.order", "pk": 67, "fields": {"firstname": "Максим", "lastname": "Калинин", "phonenumber": "+79091111111", "address": "Чайковского, 19", "order_status": "готовится", "comment": "", "registered_at": "2023-02-15T07:53:19Z", "called_at": null, "delivered_at": null, "pay_method": "", "restaurant_that_will_cook": null}}, {"model": "foodcartapp.order", "pk": 68, "fields": {"firstname": "Максим", "lastname": "Калинин", "phonenumber": "+79091111111", "address": "Pererva, 19", "order_status": "готовится", "comment": "", "registered_at": "2023-02-15T07:53:19Z", "called_at": null, "delivered_at": null, "pay_method": "", "restaurant_that_will_cook": null}}, {"model": "foodcartapp.order", "pk": 69, "fields": {"firstname": "Филипп", "lastname": "Киркоров", "phonenumber": "+79091111111", "address": "Советская, 2", "order_status": "готовится", "comment": "", "registered_at": "2023-02-15T07:53:19Z", "called_at": null, "delivered_at": null, "pay_method": "", "restaurant_that_will_cook": null}}, {"model": "foodcartapp.order", "pk": 70, "fields": {"firstname": "Максим", "lastname": "Калинин", "phonenumber": "+79091111111", "address": "Чайковского, 19", "order_status": "готовится", "comment": "", "registered_at": "2023-02-15T07:53:19Z", "called_at": null, "delivered_at": null, "pay_method": "", "restaurant_that_will_cook": 4}}, {"model": "foodcartapp.order", "pk": 71, "fields": {"firstname": "Василий", "lastname": "Васильевич", "phonenumber": "+79123456789", "address": "Лондон", "order_status": "готовится", "comment": "", "registered_at": "2023-02-15T07:53:19Z", "called_at": null, "delivered_at": null, "pay_method": "", "restaurant_that_will_cook": 1}}, {"model": "foodcartapp.order", "pk": 72, "fields": {"firstname": "Василий", "lastname": "Васильевич", "phonenumber": "+79123456789", "address": "Лондон", "order_status": "готовится", "comment": "", "registered_at": "2023-02-15T07:53:19Z", "called_at": null, "delivered_at": null, "pay_method": "", "restaurant_that_will_cook": 1}}, {"model": "foodcartapp.order", "pk": 73, "fields": {"firstname": "Василий", "lastname": "Васильевич", "phonenumber": "+79123456789", "address": "Лондон", "order_status": "готовится", "comment": "", "registered_at": "2023-02-15T07:53:19Z", "called_at": null, "delivered_at": null, "pay_method": "", "restaurant_that_will_cook": 3}}, {"model": "foodcartapp.order", "pk": 74, "fields": {"firstname": "Михаил", "lastname": "Васильевич", "phonenumber": "+79123456789", "address": "Лондон", "order_status": "готовится", "comment": "", "registered_at": "2023-02-15T07:53:19Z", "called_at": null, "delivered_at": null, "pay_method": "", "restaurant_that_will_cook": null}}, {"model": "foodcartapp.order", "pk": 75, "fields": {"firstname": "Василий", "lastname": "Васильевич", "phonenumber": "+79123456789", "address": "Лондон", "order_status": "готовится", "comment": "", "registered_at": "2023-02-15T07:53:19Z", "called_at": null, "delivered_at": null, "pay_method": "", "restaurant_that_will_cook": null}}, {"model": "foodcartapp.order", "pk": 76, "fields": {"firstname": "Василий", "lastname": "Васильевич", "phonenumber": "+79123456789", "address": "Лондон", "order_status": "готовится", "comment": "", "registered_at": "2023-02-15T07:53:19Z", "called_at": null, "delivered_at": null, "pay_method": "", "restaurant_that_will_cook": null}}, {"model": "foodcartapp.order", "pk": 77, "fields": {"firstname": "Василий", "lastname": "Васильевич", "phonenumber": "+79123456789", "address": "Лондон", "order_status": "необработанный", "comment": "", "registered_at": "2023-02-15T07:53:19.484Z", "called_at": null, "delivered_at": null, "pay_method": "", "restaurant_that_will_cook": null}}, {"model": "foodcartapp.order", "pk": 78, "fields": {"firstname": "Василий", "lastname": "Васильевич", "phonenumber": "+79123456789", "address": "Лондон", "order_status": "готовится", "comment": "", "registered_at": "2023-02-15T07:53:19Z", "called_at": null, "delivered_at": null, "pay_method": "", "restaurant_that_will_cook": null}}, {"model": "foodcartapp.order", "pk": 79, "fields": {"firstname": "Василий", "lastname": "Васильевич", "phonenumber": "+79123456789", "address": "Лондон", "order_status": "необработанный", "comment": "", "registered_at": "2023-02-15T07:53:19.484Z", "called_at": null, "delivered_at": null, "pay_method": "", "restaurant_that_will_cook": null}}, {"model": "foodcartapp.order", "pk": 80, "fields": {"firstname": "Василий", "lastname": "Васильевич", "phonenumber": "+79123456789", "address": "Лондон", "order_status": "необработанный", "comment": "", "registered_at": "2023-02-15T07:53:19.484Z", "called_at": null, "delivered_at": null, "pay_method": "", "restaurant_that_will_cook": null}}, {"model": "foodcartapp.order", "pk": 81, "fields": {"firstname": "Василий", "lastname": "Васильевич", "phonenumber": "+79123456789", "address": "Лондон", "order_status": "необработанный", "comment": "", "registered_at": "2023-02-15T07:53:19.484Z", "called_at": null, "delivered_at": null, "pay_method": "", "restaurant_that_will_cook": null}}, {"model": "foodcartapp.order", "pk": 82, "fields": {"firstname": "Василий", "lastname": "Васильевич", "phonenumber": "+79123456789", "address": "Лондон", "order_status": "необработанный", "comment": "", "registered_at": "2023-02-15T07:53:19.484Z", "called_at": null, "delivered_at": null, "pay_method": "", "restaurant_that_will_cook": null}}, {"model": "foodcartapp.order", "pk": 83, "fields": {"firstname": "Василий", "lastname": "Васильевич", "phonenumber": "+79123456789", "address": "Лондон", "order_status": "необработанный", "comment": "", "registered_at": "2023-02-15T07:53:19.484Z", "called_at": null, "delivered_at": null, "pay_method": "", "restaurant_that_will_cook": null}}, {"model": "foodcartapp.order", "pk": 84, "fields": {"firstname": "Василий", "lastname": "Васильевич", "phonenumber": "+79123456789", "address": "Лондон", "order_status": "необработанный", "comment": "", "registered_at": "2023-02-15T07:53:19.484Z", "called_at": null, "delivered_at": null, "pay_method": "", "restaurant_that_will_cook": null}}, {"model": "foodcartapp.order", "pk": 85, "fields": {"firstname": "Василий", "lastname": "Васильевич", "phonenumber": "+79123456789", "address": "Лондон", "order_status": "необработанный", "comment": "", "registered_at": "2023-02-15T07:53:19.484Z", "called_at": null, "delivered_at": null, "pay_method": "", "restaurant_that_will_cook": null}}, {"model": "foodcartapp.order", "pk": 86, "fields": {"firstname": "Илья", "lastname": "Глазунов", "phonenumber": "+79091111111", "address": "Советская, 2", "order_status": "готовится", "comment": "", "registered_at": "2023-02-15T07:53:19Z", "called_at": null, "delivered_at": null, "pay_method": "", "restaurant_that_will_cook": null}}, {"model": "foodcartapp.order", "pk": 87, "fields": {"firstname": "Иван", "lastname": "Шумилин", "phonenumber": "+79091111111", "address": "Советская, 2", "order_status": "необработанный", "comment": "", "registered_at": "2023-02-15T07:53:19.484Z", "called_at": null, "delivered_at": null, "pay_method": "", "restaurant_that_will_cook": null}}, {"model": "foodcartapp.order", "pk": 88, "fields": {"firstname": "Вика", "lastname": "Калинина", "phonenumber": "+79091111111", "address": "Чайковского, 19", "order_status": "необработанный", "comment": "", "registered_at": "2023-02-15T07:53:19.484Z", "called_at": null, "delivered_at": null, "pay_method": "", "restaurant_that_will_cook": null}}, {"model": "foodcartapp.order", "pk": 89, "fields": {"firstname": "Илья", "lastname": "Киркоров", "phonenumber": "+79091111111", "address": "Москва, пл. Киевского Вокзала, 2", "order_status": "необработанный", "comment": "", "registered_at": "2023-02-15T07:53:19.484Z", "called_at": null, "delivered_at": null, "pay_method": "", "restaurant_that_will_cook": null}}, {"model": "foodcartapp.order", "pk": 90, "fields": {"firstname": "Максим", "lastname": "Фомин", "phonenumber": "+79091111111", "address": "Советская, 2", "order_status": "необработанный", "comment": "", "registered_at": "2023-02-15T07:53:19.484Z", "called_at": null, "delivered_at": null, "pay_method": "", "restaurant_that_will_cook": null}}, {"model": "foodcartapp.order", "pk": 91, "fields": {"firstname": "Кирилл", "lastname": "Макаров", "phonenumber": "+79091111111", "address": "Советская, 2", "order_status": "необработанный", "comment": "", "registered_at": "2023-02-15T07:53:19.484Z", "called_at": null, "delivered_at": null, "pay_method": "", "restaurant_that_will_cook": null}}, {"model": "foodcartapp.order", "pk": 92, "fields": {"firstname": "Филипп", "lastname": "Макаров", "phonenumber": "+79091111111", "address": "Москва, пл. Киевского Вокзала, 2", "order_status": "необработанный", "comment": "", "registered_at": "2023-02-15T07:53:19.484Z", "called_at": null, "delivered_at": null, "pay_method": "", "restaurant_that_will_cook": null}}, {"model": "foodcartapp.order", "pk": 93, "fields": {"firstname": "Илья", "lastname": "Макаров", "phonenumber": "+79091111111", "address": "Советская, 2", "order_status": "необработанный", "comment": "", "registered_at": "2023-02-15T07:53:19.484Z", "called_at": null, "delivered_at": null, "pay_method": "", "restaurant_that_will_cook": null}}, {"model": "foodcartapp.order", "pk": 94, "fields": {"firstname": "Илья", "lastname": "Киркоров", "phonenumber": "+79091111111", "address": "Советская, 2", "order_status": "необработанный", "comment": "", "registered_at": "2023-02-15T07:53:19.484Z", "called_at": null, "delivered_at": null, "pay_method": "", "restaurant_that_will_cook": null}}, {"model": "foodcartapp.order", "pk": 95, "fields": {"firstname": "Филипп", "lastname": "Калинин", "phonenumber": "+79091111111", "address": "Москва, пл. Киевского Вокзала, 2", "order_status": "необработанный", "comment": "", "registered_at": "2023-02-15T07:53:19.484Z", "called_at": null, "delivered_at": null, "pay_method": "", "restaurant_that_will_cook": null}}, {"model": "foodcartapp.order", "pk": 96, "fields": {"firstname": "Кирилл", "lastname": "Калинин", "phonenumber": "+79091111111", "address": "Советская, 2", "order_status": "необработанный", "comment": "", "registered_at": "2023-02-15T07:53:19.484Z", "called_at": null, "delivered_at": null, "pay_method": "", "restaurant_that_will_cook": null}}, {"model": "foodcartapp.order", "pk": 97, "fields": {"firstname": "Филипп", "lastname": "Калинин", "phonenumber": "+79091111111", "address": "Советская, 2", "order_status": "необработанный", "comment": "", "registered_at": "2023-02-15T07:53:19.484Z", "called_at": null, "delivered_at": null, "pay_method": "", "restaurant_that_will_cook": null}}, {"model": "foodcartapp.order", "pk": 98, "fields": {"firstname": "Филипп", "lastname": "Киркоров", "phonenumber": "+79091111111", "address": "Чайковского, 19", "order_status": "необработанный", "comment": "", "registered_at": "2023-02-15T07:53:19.484Z", "called_at": null, "delivered_at": null, "pay_method": "", "restaurant_that_will_cook": null}}, {"model": "foodcartapp.order", "pk": 99, "fields": {"firstname": "Максим", "lastname": "Киркоров", "phonenumber": "+79091111111", "address": "Советская, 2", "order_status": "необработанный", "comment": "", "registered_at": "2023-02-15T07:53:19.484Z", "called_at": null, "delivered_at": null, "pay_method": "", "restaurant_that_will_cook": null}}, {"model": "foodcartapp.order", "pk": 100, "fields": {"firstname": "Филипп", "lastname": "Киркоров", "phonenumber": "+79091111111", "address": "Советская, 2", "order_status": "необработанный", "comment": "", "registered_at": "2023-02-15T07:53:19.484Z", "called_at": null, "delivered_at": null, "pay_method": "", "restaurant_that_will_cook": null}}, {"model": "foodcartapp.order", "pk": 101, "fields": {"firstname": "Максим", "lastname": "Калинин", "phonenumber": "+79091111111", "address": "Советская, 2", "order_status": "необработанный", "comment": "", "registered_at": "2023-02-15T07:53:19.484Z", "called_at": null, "delivered_at": null, "pay_method": "", "restaurant_that_will_cook": null}}, {"model": "foodcartapp.order", "pk": 102, "fields": {"firstname": "Кирилл", "lastname": "Маслов", "phonenumber": "+79091111111", "address": "Чайковского, 19", "order_status": "необработанный", "comment": "", "registered_at": "2023-02-15T07:53:19.484Z", "called_at": null, "delivered_at": null, "pay_method": "", "restaurant_that_will_cook": null}}, {"model": "foodcartapp.order", "pk": 103, "fields": {"firstname": "Илья", "lastname": "Фомин", "phonenumber": "+79091111111", "address": "Советская, 2", "order_status": "необработанный", "comment": "", "registered_at": "2023-02-15T07:53:19.484Z", "called_at": null, "delivered_at": null, "pay_method": "", "restaurant_that_will_cook": null}}, {"model": "foodcartapp.order", "pk": 104, "fields": {"firstname": "Кирилл", "lastname": "Киркоров", "phonenumber": "+79091111111", "address": "Советская, 2", "order_status": "необработанный", "comment": "", "registered_at": "2023-02-15T07:53:19.484Z", "called_at": null, "delivered_at": null, "pay_method": "", "restaurant_that_will_cook": null}}, {"model": "foodcartapp.order", "pk": 105, "fields": {"firstname": "Кирилл", "lastname": "Калинин", "phonenumber": "+79091111111", "address": "Советская, 2", "order_status": "необработанный", "comment": "", "registered_at": "2023-02-15T07:53:19.484Z", "called_at": null, "delivered_at": null, "pay_method": "", "restaurant_that_will_cook": null}}, {"model": "foodcartapp.order", "pk": 106, "fields": {"firstname": "Максим", "lastname": "Калинин", "phonenumber": "+79091111111", "address": "Советская, 2", "order_status": "необработанный", "comment": "", "registered_at": "2023-02-15T07:53:19.484Z", "called_at": null, "delivered_at": null, "pay_method": "", "restaurant_that_will_cook": null}}, {"model": "foodcartapp.order", "pk": 107, "fields": {"firstname": "Илья", "lastname": "Калинин", "phonenumber": "+79091111111", "address": "Чайковского, 19", "order_status": "необработанный", "comment": "", "registered_at": "2023-02-15T07:53:19.484Z", "called_at": null, "delivered_at": null, "pay_method": "", "restaurant_that_will_cook": null}}, {"model": "foodcartapp.order", "pk": 108, "fields": {"firstname": "Максим", "lastname": "Калинин", "phonenumber": "+79091111111", "address": "Советская, 2", "order_status": "необработанный", "comment": "", "registered_at": "2023-02-15T07:53:19.484Z", "called_at": null, "delivered_at": null, "pay_method": "", "restaurant_that_will_cook": null}}, {"model": "foodcartapp.order", "pk": 109, "fields": {"firstname": "Максим", "lastname": "Киркоров", "phonenumber": "+79091111111", "address": "Москва, пл. Киевского Вокзала, 2", "order_status": "необработанный", "comment": "", "registered_at": "2023-02-15T07:53:19.484Z", "called_at": null, "delivered_at": null, "pay_method": "", "restaurant_that_will_cook": null}}, {"model": "foodcartapp.order", "pk": 110, "fields": {"firstname": "Максим", "lastname": "Фомин", "phonenumber": "+79091111111", "address": "Советская, 2", "order_status": "необработанный", "comment": "", "registered_at": "2023-02-15T07:53:19.484Z", "called_at": null, "delivered_at": null, "pay_method": "", "restaurant_that_will_cook": null}}, {"model": "foodcartapp.order", "pk": 111, "fields": {"firstname": "Кирилл", "lastname": "Макаров", "phonenumber": "+79091111111", "address": "Советская, 2", "order_status": "необработанный", "comment": "", "registered_at": "2023-02-15T07:53:19.484Z", "called_at": null, "delivered_at": null, "pay_method": "", "restaurant_that_will_cook": null}}, {"model": "foodcartapp.order", "pk": 112, "fields": {"firstname": "Максим", "lastname": "Калинин", "phonenumber": "+79091111111", "address": "Советская, 2", "order_status": "необработанный", "comment": "", "registered_at": "2023-02-15T07:53:19.484Z", "called_at": null, "delivered_at": null, "pay_method": "", "restaurant_that_will_cook": null}}, {"model": "foodcartapp.order", "pk": 113, "fields": {"firstname": "Филипп", "lastname": "Киркоров", "phonenumber": "+79091111111", "address": "Советская, 2", "order_status": "необработанный", "comment": "", "registered_at": "2023-02-15T07:53:19.484Z", "called_at": null, "delivered_at": null, "pay_method": "", "restaurant_that_will_cook": null}}, {"model": "foodcartapp.order", "pk": 114, "fields": {"firstname": "Николай", "lastname": "Сыроежкин", "phonenumber": "+79091111111", "address": "Советская, 2", "order_status": "необработанный", "comment": "", "registered_at": "2023-02-15T07:53:19.484Z", "called_at": null, "delivered_at": null, "pay_method": "", "restaurant_that_will_cook": null}}, {"model": "foodcartapp.order", "pk": 115, "fields": {"firstname": "Николай", "lastname": "Киркоров", "phonenumber": "+79091111111", "address": "Советская, 2", "order_status": "необработанный", "comment": "", "registered_at": "2023-02-15T07:53:19.484Z", "called_at": null, "delivered_at": null, "pay_method": "", "restaurant_that_will_cook": null}}, {"model": "foodcartapp.order", "pk": 116, "fields": {"firstname": "Илья", "lastname": "Киркоров", "phonenumber": "+79091111111", "address": "Советская, 2", "order_status": "необработанный", "comment": "", "registered_at": "2023-02-15T07:53:19.484Z", "called_at": null, "delivered_at": null, "pay_method": "", "restaurant_that_will_cook": null}}, {"model": "foodcartapp.order", "pk": 117, "fields": {"firstname": "Филипп", "lastname": "Фомин", "phonenumber": "+79091111111", "address": "Советская, 2", "order_status": "необработанный", "comment": "", "registered_at": "2023-02-15T07:53:19.484Z", "called_at": null, "delivered_at": null, "pay_method": "", "restaurant_that_will_cook": null}}, {"model": "foodcartapp.order", "pk": 118, "fields": {"firstname": "Николай", "lastname": "Киркоров", "phonenumber": "+79091111111", "address": "Советская, 2", "order_status": "необработанный", "comment": "", "registered_at": "2023-02-15T07:53:19.484Z", "called_at": null, "delivered_at": null, "pay_method": "", "restaurant_that_will_cook": null}}, {"model": "foodcartapp.order", "pk": 119, "fields": {"firstname": "Максим", "lastname": "Калинин", "phonenumber": "+79091111111", "address": "Москва, пл. Киевского Вокзала, 2", "order_status": "необработанный", "comment": "", "registered_at": "2023-02-15T07:53:19.484Z", "called_at": null, "delivered_at": null, "pay_method": "", "restaurant_that_will_cook": null}}, {"model": "foodcartapp.order", "pk": 120, "fields": {"firstname": "Николай", "lastname": "Макаров", "phonenumber": "+79091111111", "address": "Советская, 2", "order_status": "необработанный", "comment": "", "registered_at": "2023-02-15T07:53:19.484Z", "called_at": null, "delivered_at": null, "pay_method": "", "restaurant_that_will_cook": null}}, {"model": "foodcartapp.order", "pk": 121, "fields": {"firstname": "Кирилл", "lastname": "Макаров", "phonenumber": "+79091111111", "address": "Советская, 2", "order_status": "необработанный", "comment": "", "registered_at": "2023-02-15T07:53:19.484Z", "called_at": null, "delivered_at": null, "pay_method": "", "restaurant_that_will_cook": null}}, {"model": "foodcartapp.order", "pk": 122, "fields": {"firstname": "Николай", "lastname": "Шумилин", "phonenumber": "+79091111111", "address": "Москва, Цветной бульвар, 11с2", "order_status": "необработанный", "comment": "", "registered_at": "2023-02-15T07:58:13.096Z", "called_at": null, "delivered_at": null, "pay_method": "", "restaurant_that_will_cook": null}}, {"model": "foodcartapp.order", "pk": 123, "fields": {"firstname": "Кирилл", "lastname": "Киркоров", "phonenumber": "+79091111111", "address": "Чайковского, 19", "order_status": "необработанный", "comment": "", "registered_at": "2023-02-15T08:12:55.574Z", "called_at": null, "delivered_at": null, "pay_method": "", "restaurant_that_will_cook": null}}, {"model": "foodcartapp.order", "pk": 124, "fields": {"firstname": "Филипп", "lastname": "Киркоров", "phonenumber": "+79091111111", "address": "Советская, 2", "order_status": "готовится", "comment": "", "registered_at": "2023-02-15T17:53:35Z", "called_at": null, "delivered_at": null, "pay_method": "", "restaurant_that_will_cook": null}}, {"model": "foodcartapp.order", "pk": 125, "fields": {"firstname": "Дмитрий", "lastname": "Медведев", "phonenumber": "+79091111111", "address": "Батайский проезд 37", "order_status": "необработанный", "comment": "", "registered_at": "2023-02-17T12:58:01.480Z", "called_at": null, "delivered_at": null, "pay_method": "", "restaurant_that_will_cook": null}}, {"model": "foodcartapp.order", "pk": 126, "fields": {"firstname": "Тимур", "lastname": "Иванов", "phonenumber": "+79269111111", "address": "Москва, Новый Арбат 10", "order_status": "необработанный", "comment": "", "registered_at": "2023-02-28T15:00:53.349Z", "called_at": null, "delivered_at": null, "pay_method": "", "restaurant_that_will_cook": null}}, {"model": "foodcartapp.order", "pk": 127, "fields": {"firstname": "Тимур", "lastname": "Иванов", "phonenumber": "+79251111111", "address": "Москва, Новый Арбат 10", "order_status": "необработанный", "comment": "", "registered_at": "2023-03-02T09:40:59.778Z", "called_at": null, "delivered_at": null, "pay_method": "", "restaurant_that_will_cook": null}}, {"model": "foodcartapp.order", "pk": 128, "fields": {"firstname": "Тимур", "lastname": "Иванов", "phonenumber": "+79251111111", "address": "Москва, Новый Арбат 10", "order_status": "необработанный", "comment": "", "registered_at": "2023-03-02T09:41:50.791Z", "called_at": null, "delivered_at": null, "pay_method": "", "restaurant_that_will_cook": null}}, {"model": "foodcartapp.order", "pk": 129, "fields": {"firstname": "Тимур", "lastname": "Иванов", "phonenumber": "+79251111111", "address": "Москва, Новый Арбат 10", "order_status": "необработанный", "comment": "", "registered_at": "2023-03-02T09:43:50.694Z", "called_at": null, "delivered_at": null, "pay_method": "", "restaurant_that_will_cook": null}}, {"model": "foodcartapp.order", "pk": 130, "fields": {"firstname": "Тимур", "lastname": "Иванов", "phonenumber": "+79251111111", "address": "Москва, Новый Арбат 10", "order_status": "необработанный", "comment": "", "registered_at": "2023-03-02T09:43:57.230Z", "called_at": null, "delivered_at": null, "pay_method": "", "restaurant_that_will_cook": null}}, {"model": "foodcartapp.order", "pk": 131, "fields": {"firstname": "Тимур", "lastname": "Иванов", "phonenumber": "+79251111111", "address": "Москва, Новый Арбат 10", "order_status": "необработанный", "comment": "", "registered_at": "2023-03-02T09:44:43.081Z", "called_at": null, "delivered_at": null, "pay_method": "", "restaurant_that_will_cook": null}}, {"model": "foodcartapp.order", "pk": 132, "fields": {"firstname": "Тимур", "lastname": "Иванов", "phonenumber": "+79251111111", "address": "Москва, Новый Арбат 10", "order_status": "необработанный", "comment": "", "registered_at": "2023-03-02T09:45:59.306Z", "called_at": null, "delivered_at": null, "pay_method": "", "restaurant_that_will_cook": null}}, {"model": "foodcartapp.order", "pk": 133, "fields": {"firstname": "Тимур", "lastname": "Иванов", "phonenumber": "+79251111111", "address": "Москва, Новый Арбат 10", "order_status": "необработанный", "comment": "", "registered_at": "2023-03-02T09:48:06.423Z", "called_at": null, "delivered_at": null, "pay_method": "", "restaurant_that_will_cook": null}}, {"model": "foodcartapp.order", "pk": 134, "fields": {"firstname": "Тимур", "lastname": "Иванов", "phonenumber": "+79251111111", "address": "Москва, Новый Арбат 10", "order_status": "необработанный", "comment": "", "registered_at": "2023-03-02T09:49:48.805Z", "called_at": null, "delivered_at": null, "pay_method": "", "restaurant_that_will_cook": null}}, {"model": "foodcartapp.order", "pk": 135, "fields": {"firstname": "Тимур", "lastname": "Иванов", "phonenumber": "+79251111111", "address": "Москва, Новый Арбат 10", "order_status": "необработанный", "comment": "", "registered_at": "2023-03-02T09:51:31.397Z", "called_at": null, "delivered_at": null, "pay_method": "", "restaurant_that_will_cook": null}}, {"model": "foodcartapp.order", "pk": 136, "fields": {"firstname": "Тимур", "lastname": "Иванов", "phonenumber": "+79241111111", "address": "Москва, Новый Арбат 10", "order_status": "необработанный", "comment": "", "registered_at": "2023-03-02T09:52:30.298Z", "called_at": null, "delivered_at": null, "pay_method": "", "restaurant_that_will_cook": null}}, {"model": "foodcartapp.order", "pk": 137, "fields": {"firstname": "Тимур", "lastname": "Иванов", "phonenumber": "+79241111111", "address": "Москва, Новый Арбат 10", "order_status": "необработанный", "comment": "", "registered_at": "2023-03-02T09:54:27.945Z", "called_at": null, "delivered_at": null, "pay_method": "", "restaurant_that_will_cook": null}}, {"model": "foodcartapp.order", "pk": 138, "fields": {"firstname": "Тимур", "lastname": "Иванов", "phonenumber": "+79211111111", "address": "Москва, Новый Арбат 10", "order_status": "необработанный", "comment": "", "registered_at": "2023-03-02T09:56:03.345Z", "called_at": null, "delivered_at": null, "pay_method": "", "restaurant_that_will_cook": null}}, {"model": "foodcartapp.order", "pk": 139, "fields": {"firstname": "Тимур", "lastname": "Иванов", "phonenumber": "+79241111111", "address": "Москва, Новый Арбат 10", "order_status": "необработанный", "comment": "", "registered_at": "2023-03-02T09:59:31.422Z", "called_at": null, "delivered_at": null, "pay_method": "", "restaurant_that_will_cook": null}}, {"model": "foodcartapp.order", "pk": 140, "fields": {"firstname": "Тимур", "lastname": "Иванов", "phonenumber": "+79241111111", "address": "Москва, Новый Арбат 10", "order_status": "необработанный", "comment": "", "registered_at": "2023-03-02T10:09:20.313Z", "called_at": null, "delivered_at": null, "pay_method": "", "restaurant_that_will_cook": null}}, {"model": "foodcartapp.order", "pk": 141, "fields": {"firstname": "Тимур", "lastname": "Иванов", "phonenumber": "+79241111111", "address": "Москва, Новый Арбат 10", "order_status": "необработанный", "comment": "", "registered_at": "2023-03-02T10:09:25.700Z", "called_at": null, "delivered_at": null, "pay_method": "", "restaurant_that_will_cook": null}}, {"model": "foodcartapp.order", "pk": 142, "fields": {"firstname": "Тимур", "lastname": "Иванов", "phonenumber": "+79261111111", "address": "Москва, Новый Арбат 10", "order_status": "необработанный", "comment": "", "registered_at": "2023-03-02T10:10:34.406Z", "called_at": null, "delivered_at": null, "pay_method": "", "restaurant_that_will_cook": null}}, {"model": "foodcartapp.order", "pk": 143, "fields": {"firstname": "Тимур", "lastname": "Иванов", "phonenumber": "+79252221111", "address": "Москва, Новый Арбат 10", "order_status": "необработанный", "comment": "", "registered_at": "2023-03-02T10:24:08.156Z", "called_at": null, "delivered_at": null, "pay_method": "", "restaurant_that_will_cook": null}}, {"model": "foodcartapp.order", "pk": 144, "fields": {"firstname": "Тимур", "lastname": "Иванов", "phonenumber": "+79252221111", "address": "Москва, Новый Арбат 10", "order_status": "необработанный", "comment": "", "registered_at": "2023-03-02T10:26:45.553Z", "called_at": null, "delivered_at": null, "pay_method": "", "restaurant_that_will_cook": null}}, {"model": "foodcartapp.order", "pk": 145, "fields": {"firstname": "Тимур", "lastname": "Иванов", "phonenumber": "+79252221111", "address": "Москва, Новый Арбат 10", "order_status": "необработанный", "comment": "", "registered_at": "2023-03-02T10:33:12.450Z", "called_at": null, "delivered_at": null, "pay_method": "", "restaurant_that_will_cook": null}}, {"model": "foodcartapp.order", "pk": 146, "fields": {"firstname": "Тимур", "lastname": "Иванов", "phonenumber": "+79252221111", "address": "Москва, Новый Арбат 10", "order_status": "необработанный", "comment": "", "registered_at": "2023-03-02T10:41:31.337Z", "called_at": null, "delivered_at": null, "pay_method": "", "restaurant_that_will_cook": null}}, {"model": "foodcartapp.order", "pk": 147, "fields": {"firstname": "Тимур", "lastname": "Иванов", "phonenumber": "+79252221111", "address": "Москва, Новый Арбат 10", "order_status": "необработанный", "comment": "", "registered_at": "2023-03-02T12:57:16.236Z", "called_at": null, "delivered_at": null, "pay_method": "", "restaurant_that_will_cook": null}}, {"model": "foodcartapp.order", "pk": 148, "fields": {"firstname": "Тимур", "lastname": "Иванов", "phonenumber": "+79252221111", "address": "Москва, Новый Арбат 10", "order_status": "необработанный", "comment": "", "registered_at": "2023-03-02T12:59:16.811Z", "called_at": null, "delivered_at": null, "pay_method": "", "restaurant_that_will_cook": null}}, {"model": "foodcartapp.order", "pk": 149, "fields": {"firstname": "Тимур", "lastname": "Иванов", "phonenumber": "+79269211111", "address": "Москва, Новый Арбат 10", "order_status": "необработанный", "comment": "", "registered_at": "2023-03-02T13:09:40.586Z", "called_at": null, "delivered_at": null, "pay_method": "", "restaurant_that_will_cook": null}}, {"model": "foodcartapp.order", "pk": 150, "fields": {"firstname": "Тимур", "lastname": "Иванов", "phonenumber": "+79251111111", "address": "Москва, Новый Арбат 10", "order_status": "необработанный", "comment": "", "registered_at": "2023-03-02T13:12:56.815Z", "called_at": null, "delivered_at": null, "pay_method": "", "restaurant_that_will_cook": null}}, {"model": "foodcartapp.order", "pk": 151, "fields": {"firstname": "Тимур", "lastname": "Иванов", "phonenumber": "+79265111111", "address": "Москва, Новый Арбат 10", "order_status": "необработанный", "comment": "", "registered_at": "2023-03-02T13:24:41.491Z", "called_at": null, "delivered_at": null, "pay_method": "", "restaurant_that_will_cook": null}}, {"model": "foodcartapp.order", "pk": 152, "fields": {"firstname": "Тимур", "lastname": "Иванов", "phonenumber": "+79235441111", "address": "Москва, Новый Арбат 10", "order_status": "необработанный", "comment": "", "registered_at": "2023-03-02T13:33:35.864Z", "called_at": null, "delivered_at": null, "pay_method": "", "restaurant_that_will_cook": null}}, {"model": "foodcartapp.order", "pk": 153, "fields": {"firstname": "Тимур", "lastname": "Иванов", "phonenumber": "+79235441111", "address": "Москва, Новый Арбат 10", "order_status": "необработанный", "comment": "", "registered_at": "2023-03-02T14:12:45.587Z", "called_at": null, "delivered_at": null, "pay_method": "", "restaurant_that_will_cook": null}}, {"model": "foodcartapp.order", "pk": 154, "fields": {"firstname": "Тимур", "lastname": "Иванов", "phonenumber": "+79453445621", "address": "Москва, Новый Арбат 10", "order_status": "необработанный", "comment": "", "registered_at": "2023-03-02T14:35:24.723Z", "called_at": null, "delivered_at": null, "pay_method": "", "restaurant_that_will_cook": null}}, {"model": "foodcartapp.order", "pk": 155, "fields": {"firstname": "Тимур", "lastname": "Иванов", "phonenumber": "+79235442311", "address": "Москва, Новый Арбат 10", "order_status": "необработанный", "comment": "", "registered_at": "2023-03-02T14:47:59.989Z", "called_at": null, "delivered_at": null, "pay_method": "", "restaurant_that_will_cook": null}}, {"model": "foodcartapp.order", "pk": 156, "fields": {"firstname": "Тимур", "lastname": "Иванов", "phonenumber": "+79235442311", "address": "Москва, Новый Арбат 10", "order_status": "необработанный", "comment": "", "registered_at": "2023-03-02T14:53:35.593Z", "called_at": null, "delivered_at": null, "pay_method": "", "restaurant_that_will_cook": null}}, {"model": "foodcartapp.order", "pk": 157, "fields": {"firstname": "Тимур", "lastname": "Иванов", "phonenumber": "+79235442311", "address": "Москва, Новый Арбат 10", "order_status": "необработанный", "comment": "", "registered_at": "2023-03-02T14:55:08.566Z", "called_at": null, "delivered_at": null, "pay_method": "", "restaurant_that_will_cook": null}}, {"model": "foodcartapp.order", "pk": 158, "fields": {"firstname": "Тимур", "lastname": "Иванов", "phonenumber": "+79235442311", "address": "Москва, Новый Арбат 10", "order_status": "необработанный", "comment": "", "registered_at": "2023-03-02T14:55:15.443Z", "called_at": null, "delivered_at": null, "pay_method": "", "restaurant_that_will_cook": null}}, {"model": "foodcartapp.order", "pk": 159, "fields": {"firstname": "Тимур", "lastname": "Иванов", "phonenumber": "+79235442311", "address": "Москва, Новый Арбат 10", "order_status": "необработанный", "comment": "", "registered_at": "2023-03-02T14:56:00.738Z", "called_at": null, "delivered_at": null, "pay_method": "", "restaurant_that_will_cook": null}}, {"model": "foodcartapp.order", "pk": 160, "fields": {"firstname": "Тимур", "lastname": "Иванов", "phonenumber": "+79235442311", "address": "Москва, Новый Арбат 10", "order_status": "необработанный", "comment": "", "registered_at": "2023-03-02T14:57:03.772Z", "called_at": null, "delivered_at": null, "pay_method": "", "restaurant_that_will_cook": null}}, {"model": "foodcartapp.order", "pk": 161, "fields": {"firstname": "Тимур", "lastname": "Иванов", "phonenumber": "+79265432111", "address": "Москва, Новый Арбат 10", "order_status": "необработанный", "comment": "", "registered_at": "2023-03-02T15:08:39.514Z", "called_at": null, "delivered_at": null, "pay_method": "", "restaurant_that_will_cook": null}}, {"model": "foodcartapp.order", "pk": 162, "fields": {"firstname": "Тимур", "lastname": "Иванов", "phonenumber": "+79234567687", "address": "Москва, Новый Арбат 10", "order_status": "необработанный", "comment": "", "registered_at": "2023-03-02T18:06:11.927Z", "called_at": null, "delivered_at": null, "pay_method": "", "restaurant_that_will_cook": null}}, {"model": "foodcartapp.order", "pk": 163, "fields": {"firstname": "Тимур", "lastname": "Иванов", "phonenumber": "+79234567687", "address": "Москва, Новый Арбат 10", "order_status": "необработанный", "comment": "", "registered_at": "2023-03-02T18:10:30.743Z", "called_at": null, "delivered_at": null, "pay_method": "", "restaurant_that_will_cook": null}}, {"model": "foodcartapp.order", "pk": 164, "fields": {"firstname": "Тимур", "lastname": "Иванов", "phonenumber": "+79254535467", "address": "Москва, Новый Арбат 10", "order_status": "необработанный", "comment": "", "registered_at": "2023-03-02T18:16:37.359Z", "called_at": null, "delivered_at": null, "pay_method": "", "restaurant_that_will_cook": null}}, {"model": "foodcartapp.order", "pk": 165, "fields": {"firstname": "Тимур", "lastname": "Иванов", "phonenumber": "+79254535467", "address": "Москва, Новый Арбат 10", "order_status": "необработанный", "comment": "", "registered_at": "2023-03-02T18:32:01.483Z", "called_at": null, "delivered_at": null, "pay_method": "", "restaurant_that_will_cook": null}}, {"model": "foodcartapp.order", "pk": 166, "fields": {"firstname": "Тимур", "lastname": "Иванов", "phonenumber": "+79254535467", "address": "Москва, Новый Арбат 10", "order_status": "необработанный", "comment": "", "registered_at": "2023-03-02T18:40:19.193Z", "called_at": null, "delivered_at": null, "pay_method": "", "restaurant_that_will_cook": null}}, {"model": "foodcartapp.order", "pk": 167, "fields": {"firstname": "Тимур", "lastname": "Иванов", "phonenumber": "+79254535467", "address": "Москва, Новый Арбат 10", "order_status": "необработанный", "comment": "", "registered_at": "2023-03-02T18:56:09.482Z", "called_at": null, "delivered_at": null, "pay_method": "", "restaurant_that_will_cook": null}}, {"model": "foodcartapp.order", "pk": 168, "fields": {"firstname": "Тимур", "lastname": "Иванов", "phonenumber": "+79254535467", "address": "Москва, Новый Арбат 10", "order_status": "необработанный", "comment": "", "registered_at": "2023-03-02T19:01:04.015Z", "called_at": null, "delivered_at": null, "pay_method": "", "restaurant_that_will_cook": null}}, {"model": "foodcartapp.order", "pk": 169, "fields": {"firstname": "Тимур", "lastname": "Иванов", "phonenumber": "+79254535467", "address": "Москва, Новый Арбат 10", "order_status": "необработанный", "comment": "", "registered_at": "2023-03-02T19:17:41.918Z", "called_at": null, "delivered_at": null, "pay_method": "", "restaurant_that_will_cook": null}}, {"model": "foodcartapp.order", "pk": 170, "fields": {"firstname": "Эдуард", "lastname": "Васильев", "phonenumber": "+79091111111", "address": "Чайковского, 19", "order_status": "необработанный", "comment": "", "registered_at": "2023-03-03T09:13:09.218Z", "called_at": null, "delivered_at": null, "pay_method": "", "restaurant_that_will_cook": null}}, {"model": "foodcartapp.order", "pk": 171, "fields": {"firstname": "Максим", "lastname": "Калинин", "phonenumber": "+79091111111", "address": "Советская, 2", "order_status": "необработанный", "comment": "", "registered_at": "2023-03-03T13:16:47Z", "called_at": null, "delivered_at": null, "pay_method": "", "restaurant_that_will_cook": null}}, {"model": "foodcartapp.order", "pk": 172, "fields": {"firstname": "Кирилл", "lastname": "Фомин", "phonenumber": "+79091111111", "address": "е", "order_status": "необработанный", "comment": "", "registered_at": "2023-03-03T13:45:51Z", "called_at": null, "delivered_at": null, "pay_method": "", "restaurant_that_will_cook": null}}, {"model": "foodcartapp.order", "pk": 173, "fields": {"firstname": "Максим", "lastname": "Фомин", "phonenumber": "+79091111111", "address": ";;;;;;;", "order_status": "готовится", "comment": "22222222222222344444444444444", "registered_at": "2023-03-03T13:48:04Z", "called_at": null, "delivered_at": null, "pay_method": "", "restaurant_that_will_cook": 4}}, {"model": "foodcartapp.order", "pk": 174, "fields": {"firstname": "Николай", "lastname": "Макаров", "phonenumber": "+79091111111", "address": "qqqqqqqq", "order_status": "необработанный", "comment": "", "registered_at": "2023-03-03T13:58:40Z", "called_at": null, "delivered_at": null, "pay_method": "", "restaurant_that_will_cook": null}}, {"model": "foodcartapp.order", "pk": 175, "fields": {"firstname": "Николай", "lastname": "Макаров", "phonenumber": "+79091111111", "address": "дддд", "order_status": "необработанный", "comment": "", "registered_at": "2023-03-03T14:32:46Z", "called_at": null, "delivered_at": null, "pay_method": "", "restaurant_that_will_cook": null}}, {"model": "foodcartapp.order", "pk": 176, "fields": {"firstname": "Илья", "lastname": "Киркоров", "phonenumber": "+79091111111", "address": "jjjjjjjnjbjbhvhf", "order_status": "необработанный", "comment": "", "registered_at": "2023-03-03T14:36:08Z", "called_at": null, "delivered_at": null, "pay_method": "", "restaurant_that_will_cook": null}}, {"model": "foodcartapp.order", "pk": 177, "fields": {"firstname": "Филипп", "lastname": "Киркоров", "phonenumber": "+79091111111", "address": "Чайковского, 19", "order_status": "необработанный", "comment": "", "registered_at": "2023-03-07T05:56:09Z", "called_at": null, "delivered_at": null, "pay_method": "", "restaurant_that_will_cook": null}}, {"model": "foodcartapp.order", "pk": 178, "fields": {"firstname": "Максим", "lastname": "Фомин", "phonenumber": "+79091111111", "address": "ффф", "order_status": "необработанный", "comment": "", "registered_at": "2023-03-07T05:57:33Z", "called_at": null, "delivered_at": null, "pay_method": "", "restaurant_that_will_cook": null}}, {"model": "foodcartapp.order", "pk": 179, "fields": {"firstname": "Кирилл", "lastname": "Киркоров", "phonenumber": "+79091111111", "address": "ророрнапсми", "order_status": "необработанный", "comment": "", "registered_at": "2023-03-07T06:19:09Z", "called_at": null, "delivered_at": null, "pay_method": "", "restaurant_that_will_cook": null}}, {"model": "foodcartapp.order", "pk": 180, "fields": {"firstname": "Филипп", "lastname": "Фомин", "phonenumber": "+79091111111", "address": "Чайковского, 19", "order_status": "необработанный", "comment": "", "registered_at": "2023-03-07T11:38:44Z", "called_at": null, "delivered_at": null, "pay_method": "", "restaurant_that_will_cook": null}}, {"model": "foodcartapp.order", "pk": 181, "fields": {"firstname": "Илья", "lastname": "Киркоров", "phonenumber": "+79091111111", "address": "Чайковского, 19", "order_status": "необработанный", "comment": "", "registered_at": "2023-03-07T18:27:31Z", "called_at": null, "delivered_at": null, "pay_method": "", "restaurant_that_will_cook": null}}, {"model": "foodcartapp.order", "pk": 182, "fields": {"firstname": "Николай", "lastname": "Калинин", "phonenumber": "+79091111111", "address": "Москва, пл. Киевского Вокзала, 2", "order_status": "готовится", "comment": "", "registered_at": "2023-03-07T18:30:08Z", "called_at": null, "delivered_at": null, "pay_method": "", "restaurant_that_will_cook": 4}}, {"model": "foodcartapp.order", "pk": 183, "fields": {"firstname": "Николай", "lastname": "Фомин", "phonenumber": "+79091111111", "address": "Москва, пл. Киевского Вокзала, 2", "order_status": "готовится", "comment": "", "registered_at": "2023-03-07T18:52:34Z", "called_at": null, "delivered_at": null, "pay_method": "", "restaurant_that_will_cook": 5}}, {"model": "foodcartapp.order", "pk": 184, "fields": {"firstname": "Максим", "lastname": "Фомин", "phonenumber": "+79091111111", "address": "Батайский проезд 37", "order_status": "готовится", "comment": "", "registered_at": "2023-03-11T09:29:49Z", "called_at": null, "delivered_at": null, "pay_method": "", "restaurant_that_will_cook": 5}}, {"model": "foodcartapp.order", "pk": 185, "fields": {"firstname": "Эдуард", "lastname": "Антонов", "phonenumber": "+79091111111", "address": "Перерва 10", "order_status": "готовится", "comment": "", "registered_at": "2023-03-11T14:52:44Z", "called_at": null, "delivered_at": null, "pay_method": "", "restaurant_that_will_cook": 2}}, {"model": "foodcartapp.order", "pk": 186, "fields": {"firstname": "Патрисий", "lastname": "Лумумба", "phonenumber": "+79091111111", "address": "Маршала Голованова 13", "order_status": "необработанный", "comment": "", "registered_at": "2023-03-14T14:59:39.455Z", "called_at": null, "delivered_at": null, "pay_method": "", "restaurant_that_will_cook": null}}, {"model": "foodcartapp.order", "pk": 187, "fields": {"firstname": "Роза", "lastname": "Люксембург", "phonenumber": "+79091111111", "address": "Маршала Голованова 13", "order_status": "необработанный", "comment": "", "registered_at": "2023-03-14T17:39:26.318Z", "called_at": null, "delivered_at": null, "pay_method": "", "restaurant_that_will_cook": null}}, {"model": "foodcartapp.order", "pk": 188, "fields": {"firstname": "Тимур", "lastname": "Иванов", "phonenumber": "+79254535467", "address": "Москва, Новый Арбат 10", "order_status": "необработанный", "comment": "", "registered_at": "2023-03-17T07:31:37.953Z", "called_at": null, "delivered_at": null, "pay_method": "", "restaurant_that_will_cook": null}}, {"model": "foodcartapp.order", "pk": 189, "fields": {"firstname": "Тимур", "lastname": "Иванов", "phonenumber": "+79234567899", "address": "Москва, Новый Арбат 10", "order_status": "необработанный", "comment": "", "registered_at": "2023-03-17T08:17:25.443Z", "called_at": null, "delivered_at": null, "pay_method": "", "restaurant_that_will_cook": null}}, {"model": "foodcartapp.order", "pk": 190, "fields": {"firstname": "Тимур", "lastname": "Иванов", "phonenumber": "+79234567899", "address": "Москва, Новый Арбат 10", "order_status": "необработанный", "comment": "", "registered_at": "2023-03-17T08:18:24.181Z", "called_at": null, "delivered_at": null, "pay_method": "", "restaurant_that_will_cook": null}}, {"model": "foodcartapp.order", "pk": 191, "fields": {"firstname": "Тимур", "lastname": "Иванов", "phonenumber": "+79234567899", "address": "Москва, Новый Арбат 10", "order_status": "необработанный", "comment": "", "registered_at": "2023-03-17T08:19:29.985Z", "called_at": null, "delivered_at": null, "pay_method": "", "restaurant_that_will_cook": null}}, {"model": "foodcartapp.order", "pk": 192, "fields": {"firstname": "Роза", "lastname": "Калинин", "phonenumber": "+79091111111", "address": "Советская, 2", "order_status": "необработанный", "comment": "", "registered_at": "2023-04-17T13:09:00.264Z", "called_at": null, "delivered_at": null, "pay_method": "", "restaurant_that_will_cook": null}}, {"model": "foodcartapp.orderitem", "pk": 1, "fields": {"order": 65, "quantity": 2, "product": 1, "price": "269.00"}}, {"model": "foodcartapp.orderitem", "pk": 2, "fields": {"order": 65, "quantity": 4, "product": 2, "price": "219.00"}}, {"model": "foodcartapp.orderitem", "pk": 3, "fields": {"order": 65, "quantity": 1, "product": 3, "price": "369.00"}}, {"model": "foodcartapp.orderitem", "pk": 4, "fields": {"order": 65, "quantity": 6, "product": 3, "price": "369.00"}}, {"model": "foodcartapp.orderitem", "pk": 5, "fields": {"order": 65, "quantity": 2, "product": 2, "price": "219.00"}}, {"model": "foodcartapp.orderitem", "pk": 6, "fields": {"order": 65, "quantity": 4, "product": 1, "price": "269.00"}}, {"model": "foodcartapp.orderitem", "pk": 7, "fields": {"order": 65, "quantity": 6, "product": 3, "price": "369.00"}}, {"model": "foodcartapp.orderitem", "pk": 8, "fields": {"order": 65, "quantity": 2, "product": 2, "price": "219.00"}}, {"model": "foodcartapp.orderitem", "pk": 9, "fields": {"order": 65, "quantity": 4, "product": 1, "price": "269.00"}}, {"model": "foodcartapp.orderitem", "pk": 10, "fields": {"order": 65, "quantity": 4, "product": 1, "price": "269.00"}}, {"model": "foodcartapp.orderitem", "pk": 11, "fields": {"order": 65, "quantity": 1, "product": 2, "price": "219.00"}}, {"model": "foodcartapp.orderitem", "pk": 12, "fields": {"order": 65, "quantity": 1, "product": 3, "price": "369.00"}}, {"model": "foodcartapp.orderitem", "pk": 13, "fields": {"order": 65, "quantity": 4, "product": 1, "price": "269.00"}}, {"model": "foodcartapp.orderitem", "pk": 14, "fields": {"order": 65, "quantity": 1, "product": 2, "price": "219.00"}}, {"model": "foodcartapp.orderitem", "pk": 15, "fields": {"order": 65, "quantity": 1, "product": 3, "price": "369.00"}}, {"model": "foodcartapp.orderitem", "pk": 16, "fields": {"order": 65, "quantity": 1, "product": 1, "price": "269.00"}}, {"model": "foodcartapp.orderitem", "pk": 17, "fields": {"order": 65, "quantity": 3, "product": 1, "price": "269.00"}}, {"model": "foodcartapp.orderitem", "pk": 18, "fields": {"order": 65, "quantity": 2, "product": 2, "price": "219.00"}}, {"model": "foodcartapp.orderitem", "pk": 19, "fields": {"order": 65, "quantity": 1, "product": 3, "price": "369.00"}}, {"model": "foodcartapp.orderitem", "pk": 20, "fields": {"order": 65, "quantity": 1, "product": 1, "price": "269.00"}}, {"model": "foodcartapp.orderitem", "pk": 21, "fields": {"order": 65, "quantity": 1, "product": 3, "price": "0.00"}}, {"model": "foodcartapp.orderitem", "pk": 22, "fields": {"order": 65, "quantity": 1, "product": 1, "price": "269.00"}}, {"model": "foodcartapp.orderitem", "pk": 23, "fields": {"order": 65, "quantity": 1, "product": 3, "price": "0.00"}}, {"model": "foodcartapp.orderitem", "pk": 24, "fields": {"order": 65, "quantity": 1, "product": 1, "price": "269.00"}}, {"model": "foodcartapp.orderitem", "pk": 25, "fields": {"order": 65, "quantity": 1, "product": 3, "price": "0.00"}}, {"model": "foodcartapp.orderitem", "pk": 26, "fields": {"order": 65, "quantity": 1, "product": 1, "price": "269.00"}}, {"model": "foodcartapp.orderitem", "pk": 27, "fields": {"order": 65, "quantity": 1, "product": 1, "price": "269.00"}}, {"model": "foodcartapp.orderitem", "pk": 28, "fields": {"order": 65, "quantity": 5, "product": 2, "price": "219.00"}}, {"model": "foodcartapp.orderitem", "pk": 29, "fields": {"order": 65, "quantity": 1, "product": 1, "price": "269.00"}}, {"model": "foodcartapp.orderitem", "pk": 30, "fields": {"order": 65, "quantity": 3, "product": 1, "price": "269.00"}}, {"model": "foodcartapp.orderitem", "pk": 31, "fields": {"order": 65, "quantity": 1, "product": 2, "price": "219.00"}}, {"model": "foodcartapp.orderitem", "pk": 32, "fields": {"order": 65, "quantity": 2, "product": 3, "price": "369.00"}}, {"model": "foodcartapp.orderitem", "pk": 33, "fields": {"order": 63, "quantity": 3, "product": 1, "price": "269.00"}}, {"model": "foodcartapp.orderitem", "pk": 34, "fields": {"order": 64, "quantity": 1, "product": 1, "price": "269.00"}}, {"model": "foodcartapp.orderitem", "pk": 35, "fields": {"order": 65, "quantity": 1, "product": 1, "price": "269.00"}}, {"model": "foodcartapp.orderitem", "pk": 36, "fields": {"order": 66, "quantity": 1, "product": 1, "price": "269.00"}}, {"model": "foodcartapp.orderitem", "pk": 37, "fields": {"order": 67, "quantity": 1, "product": 1, "price": "269.00"}}, {"model": "foodcartapp.orderitem", "pk": 38, "fields": {"order": 68, "quantity": 1, "product": 1, "price": "269.00"}}, {"model": "foodcartapp.orderitem", "pk": 39, "fields": {"order": 69, "quantity": 3, "product": 1, "price": "269.00"}}, {"model": "foodcartapp.orderitem", "pk": 40, "fields": {"order": 69, "quantity": 1, "product": 2, "price": "219.00"}}, {"model": "foodcartapp.orderitem", "pk": 41, "fields": {"order": 69, "quantity": 1, "product": 3, "price": "369.00"}}, {"model": "foodcartapp.orderitem", "pk": 42, "fields": {"order": 70, "quantity": 1, "product": 1, "price": "269.00"}}, {"model": "foodcartapp.orderitem", "pk": 43, "fields": {"order": 71, "quantity": 1, "product": 1, "price": "269.00"}}, {"model": "foodcartapp.orderitem", "pk": 44, "fields": {"order": 72, "quantity": 1, "product": 1, "price": "269.00"}}, {"model": "foodcartapp.orderitem", "pk": 45, "fields": {"order": 73, "quantity": 1, "product": 1, "price": "269.00"}}, {"model": "foodcartapp.orderitem", "pk": 46, "fields": {"order": 74, "quantity": 1, "product": 1, "price": "269.00"}}, {"model": "foodcartapp.orderitem", "pk": 47, "fields": {"order": 75, "quantity": 1, "product": 1, "price": "269.00"}}, {"model": "foodcartapp.orderitem", "pk": 48, "fields": {"order": 76, "quantity": 1, "product": 1, "price": "269.00"}}, {"model": "foodcartapp.orderitem", "pk": 49, "fields": {"order": 77, "quantity": 1, "product": 1, "price": "269.00"}}, {"model": "foodcartapp.orderitem", "pk": 50, "fields": {"order": 78, "quantity": 1, "product": 1, "price": "269.00"}}, {"model": "foodcartapp.orderitem", "pk": 51, "fields": {"order": 79, "quantity": 1, "product": 1, "price": "269.00"}}, {"model": "foodcartapp.orderitem", "pk": 52, "fields": {"order": 80, "quantity": 1, "product": 1, "price": "269.00"}}, {"model": "foodcartapp.orderitem", "pk": 53, "fields": {"order": 81, "quantity": 1, "product": 1, "price": "269.00"}}, {"model": "foodcartapp.orderitem", "pk": 54, "fields": {"order": 82, "quantity": 1, "product": 1, "price": "269.00"}}, {"model": "foodcartapp.orderitem", "pk": 55, "fields": {"order": 83, "quantity": 1, "product": 1, "price": "269.00"}}, {"model": "foodcartapp.orderitem", "pk": 56, "fields": {"order": 84, "quantity": 1, "product": 1, "price": "269.00"}}, {"model": "foodcartapp.orderitem", "pk": 57, "fields": {"order": 85, "quantity": 1, "product": 1, "price": "269.00"}}, {"model": "foodcartapp.orderitem", "pk": 58, "fields": {"order": 86, "quantity": 1, "product": 1, "price": "0.00"}}, {"model": "foodcartapp.orderitem", "pk": 59, "fields": {"order": 86, "quantity": 1, "product": 2, "price": "0.00"}}, {"model": "foodcartapp.orderitem", "pk": 60, "fields": {"order": 86, "quantity": 1, "product": 3, "price": "0.00"}}, {"model": "foodcartapp.orderitem", "pk": 61, "fields": {"order": 87, "quantity": 1, "product": 1, "price": "0.00"}}, {"model": "foodcartapp.orderitem", "pk": 62, "fields": {"order": 87, "quantity": 1, "product": 2, "price": "0.00"}}, {"model": "foodcartapp.orderitem", "pk": 63, "fields": {"order": 87, "quantity": 1, "product": 3, "price": "0.00"}}, {"model": "foodcartapp.orderitem", "pk": 64, "fields": {"order": 88, "quantity": 1, "product": 1, "price": "0.00"}}, {"model": "foodcartapp.orderitem", "pk": 65, "fields": {"order": 89, "quantity": 1, "product": 3, "price": "0.00"}}, {"model": "foodcartapp.orderitem", "pk": 66, "fields": {"order": 90, "quantity": 1, "product": 3, "price": "0.00"}}, {"model": "foodcartapp.orderitem", "pk": 67, "fields": {"order": 90, "quantity": 1, "product": 2, "price": "0.00"}}, {"model": "foodcartapp.orderitem", "pk": 68, "fields": {"order": 90, "quantity": 1, "product": 1, "price": "0.00"}}, {"model": "foodcartapp.orderitem", "pk": 69, "fields": {"order": 91, "quantity": 1, "product": 1, "price": "0.00"}}, {"model": "foodcartapp.orderitem", "pk": 70, "fields": {"order": 91, "quantity": 1, "product": 2, "price": "0.00"}}, {"model": "foodcartapp.orderitem", "pk": 71, "fields": {"order": 91, "quantity": 1, "product": 3, "price": "0.00"}}, {"model": "foodcartapp.orderitem", "pk": 72, "fields": {"order": 92, "quantity": 1, "product": 1, "price": "0.00"}}, {"model": "foodcartapp.orderitem", "pk": 73, "fields": {"order": 92, "quantity": 1, "product": 2, "price": "0.00"}}, {"model": "foodcartapp.orderitem", "pk": 74, "fields": {"order": 92, "quantity": 1, "product": 3, "price": "0.00"}}, {"model": "foodcartapp.orderitem", "pk": 75, "fields": {"order": 93, "quantity": 1, "product": 1, "price": "0.00"}}, {"model": "foodcartapp.orderitem", "pk": 76, "fields": {"order": 93, "quantity": 1, "product": 2, "price": "0.00"}}, {"model": "foodcartapp.orderitem", "pk": 77, "fields": {"order": 93, "quantity": 1, "product": 3, "price": "0.00"}}, {"model": "foodcartapp.orderitem", "pk": 78, "fields": {"order": 94, "quantity": 1, "product": 1, "price": "0.00"}}, {"model": "foodcartapp.orderitem", "pk": 79, "fields": {"order": 94, "quantity": 1, "product": 2, "price": "0.00"}}, {"model": "foodcartapp.orderitem", "pk": 80, "fields": {"order": 94, "quantity": 1, "product": 3, "price": "0.00"}}, {"model": "foodcartapp.orderitem", "pk": 81, "fields": {"order": 95, "quantity": 2, "product": 1, "price": "0.00"}}, {"model": "foodcartapp.orderitem", "pk": 82, "fields": {"order": 95, "quantity": 1, "product": 2, "price": "0.00"}}, {"model": "foodcartapp.orderitem", "pk": 83, "fields": {"order": 95, "quantity": 1, "product": 3, "price": "0.00"}}, {"model": "foodcartapp.orderitem", "pk": 84, "fields": {"order": 96, "quantity": 1, "product": 1, "price": "0.00"}}, {"model": "foodcartapp.orderitem", "pk": 85, "fields": {"order": 96, "quantity": 1, "product": 2, "price": "0.00"}}, {"model": "foodcartapp.orderitem", "pk": 86, "fields": {"order": 96, "quantity": 1, "product": 3, "price": "0.00"}}, {"model": "foodcartapp.orderitem", "pk": 87, "fields": {"order": 97, "quantity": 1, "product": 1, "price": "0.00"}}, {"model": "foodcartapp.orderitem", "pk": 88, "fields": {"order": 97, "quantity": 1, "product": 2, "price": "0.00"}}, {"model": "foodcartapp.orderitem", "pk": 89, "fields": {"order": 97, "quantity": 1, "product": 3, "price": "0.00"}}, {"model": "foodcartapp.orderitem", "pk": 90, "fields": {"order": 98, "quantity": 1, "product": 1, "price": "0.00"}}, {"model": "foodcartapp.orderitem", "pk": 91, "fields": {"order": 98, "quantity": 1, "product": 2, "price": "0.00"}}, {"model": "foodcartapp.orderitem", "pk": 92, "fields": {"order": 98, "quantity": 1, "product": 3, "price": "0.00"}}, {"model": "foodcartapp.orderitem", "pk": 93, "fields": {"order": 99, "quantity": 1, "product": 1, "price": "0.00"}}, {"model": "foodcartapp.orderitem", "pk": 94, "fields": {"order": 99, "quantity": 1, "product": 2, "price": "0.00"}}, {"model": "foodcartapp.orderitem", "pk": 95, "fields": {"order": 99, "quantity": 1, "product": 3, "price": "0.00"}}, {"model": "foodcartapp.orderitem", "pk": 96, "fields": {"order": 100, "quantity": 1, "product": 1, "price": "0.00"}}, {"model": "foodcartapp.orderitem", "pk": 97, "fields": {"order": 100, "quantity": 1, "product": 2, "price": "0.00"}}, {"model": "foodcartapp.orderitem", "pk": 98, "fields": {"order": 100, "quantity": 1, "product": 3, "price": "0.00"}}, {"model": "foodcartapp.orderitem", "pk": 99, "fields": {"order": 101, "quantity": 1, "product": 1, "price": "0.00"}}, {"model": "foodcartapp.orderitem", "pk": 100, "fields": {"order": 101, "quantity": 1, "product": 2, "price": "0.00"}}, {"model": "foodcartapp.orderitem", "pk": 101, "fields": {"order": 101, "quantity": 1, "product": 3, "price": "0.00"}}, {"model": "foodcartapp.orderitem", "pk": 102, "fields": {"order": 102, "quantity": 1, "product": 1, "price": "0.00"}}, {"model": "foodcartapp.orderitem", "pk": 103, "fields": {"order": 102, "quantity": 1, "product": 2, "price": "0.00"}}, {"model": "foodcartapp.orderitem", "pk": 104, "fields": {"order": 102, "quantity": 1, "product": 3, "price": "0.00"}}, {"model": "foodcartapp.orderitem", "pk": 105, "fields": {"order": 103, "quantity": 1, "product": 1, "price": "0.00"}}, {"model": "foodcartapp.orderitem", "pk": 106, "fields": {"order": 103, "quantity": 1, "product": 2, "price": "0.00"}}, {"model": "foodcartapp.orderitem", "pk": 107, "fields": {"order": 103, "quantity": 1, "product": 3, "price": "0.00"}}, {"model": "foodcartapp.orderitem", "pk": 108, "fields": {"order": 104, "quantity": 1, "product": 1, "price": "0.00"}}, {"model": "foodcartapp.orderitem", "pk": 109, "fields": {"order": 104, "quantity": 1, "product": 2, "price": "0.00"}}, {"model": "foodcartapp.orderitem", "pk": 110, "fields": {"order": 104, "quantity": 1, "product": 3, "price": "0.00"}}, {"model": "foodcartapp.orderitem", "pk": 111, "fields": {"order": 105, "quantity": 1, "product": 1, "price": "0.00"}}, {"model": "foodcartapp.orderitem", "pk": 112, "fields": {"order": 105, "quantity": 1, "product": 2, "price": "0.00"}}, {"model": "foodcartapp.orderitem", "pk": 113, "fields": {"order": 105, "quantity": 1, "product": 3, "price": "0.00"}}, {"model": "foodcartapp.orderitem", "pk": 114, "fields": {"order": 106, "quantity": 1, "product": 1, "price": "0.00"}}, {"model": "foodcartapp.orderitem", "pk": 115, "fields": {"order": 106, "quantity": 1, "product": 2, "price": "0.00"}}, {"model": "foodcartapp.orderitem", "pk": 116, "fields": {"order": 106, "quantity": 1, "product": 3, "price": "0.00"}}, {"model": "foodcartapp.orderitem", "pk": 117, "fields": {"order": 107, "quantity": 1, "product": 1, "price": "0.00"}}, {"model": "foodcartapp.orderitem", "pk": 118, "fields": {"order": 107, "quantity": 1, "product": 2, "price": "0.00"}}, {"model": "foodcartapp.orderitem", "pk": 119, "fields": {"order": 107, "quantity": 1, "product": 3, "price": "0.00"}}, {"model": "foodcartapp.orderitem", "pk": 120, "fields": {"order": 108, "quantity": 1, "product": 1, "price": "0.00"}}, {"model": "foodcartapp.orderitem", "pk": 121, "fields": {"order": 108, "quantity": 1, "product": 2, "price": "0.00"}}, {"model": "foodcartapp.orderitem", "pk": 122, "fields": {"order": 108, "quantity": 1, "product": 3, "price": "0.00"}}, {"model": "foodcartapp.orderitem", "pk": 123, "fields": {"order": 109, "quantity": 1, "product": 1, "price": "0.00"}}, {"model": "foodcartapp.orderitem", "pk": 124, "fields": {"order": 109, "quantity": 1, "product": 2, "price": "0.00"}}, {"model": "foodcartapp.orderitem", "pk": 125, "fields": {"order": 109, "quantity": 1, "product": 3, "price": "0.00"}}, {"model": "foodcartapp.orderitem", "pk": 126, "fields": {"order": 110, "quantity": 1, "product": 1, "price": "0.00"}}, {"model": "foodcartapp.orderitem", "pk": 127, "fields": {"order": 110, "quantity": 1, "product": 2, "price": "0.00"}}, {"model": "foodcartapp.orderitem", "pk": 128, "fields": {"order": 110, "quantity": 1, "product": 3, "price": "0.00"}}, {"model": "foodcartapp.orderitem", "pk": 129, "fields": {"order": 111, "quantity": 1, "product": 1, "price": "0.00"}}, {"model": "foodcartapp.orderitem", "pk": 130, "fields": {"order": 111, "quantity": 1, "product": 2, "price": "0.00"}}, {"model": "foodcartapp.orderitem", "pk": 131, "fields": {"order": 111, "quantity": 1, "product": 3, "price": "0.00"}}, {"model": "foodcartapp.orderitem", "pk": 132, "fields": {"order": 112, "quantity": 1, "product": 1, "price": "0.00"}}, {"model": "foodcartapp.orderitem", "pk": 133, "fields": {"order": 112, "quantity": 1, "product": 2, "price": "0.00"}}, {"model": "foodcartapp.orderitem", "pk": 134, "fields": {"order": 112, "quantity": 1, "product": 3, "price": "0.00"}}, {"model": "foodcartapp.orderitem", "pk": 135, "fields": {"order": 113, "quantity": 1, "product": 1, "price": "0.00"}}, {"model": "foodcartapp.orderitem", "pk": 136, "fields": {"order": 113, "quantity": 1, "product": 2, "price": "0.00"}}, {"model": "foodcartapp.orderitem", "pk": 137, "fields": {"order": 113, "quantity": 1, "product": 3, "price": "0.00"}}, {"model": "foodcartapp.orderitem", "pk": 138, "fields": {"order": 114, "quantity": 1, "product": 1, "price": "0.00"}}, {"model": "foodcartapp.orderitem", "pk": 139, "fields": {"order": 114, "quantity": 1, "product": 2, "price": "0.00"}}, {"model": "foodcartapp.orderitem", "pk": 140, "fields": {"order": 114, "quantity": 1, "product": 3, "price": "0.00"}}, {"model": "foodcartapp.orderitem", "pk": 141, "fields": {"order": 115, "quantity": 1, "product": 1, "price": "0.00"}}, {"model": "foodcartapp.orderitem", "pk": 142, "fields": {"order": 115, "quantity": 1, "product": 2, "price": "0.00"}}, {"model": "foodcartapp.orderitem", "pk": 143, "fields": {"order": 115, "quantity": 1, "product": 3, "price": "0.00"}}, {"model": "foodcartapp.orderitem", "pk": 144, "fields": {"order": 116, "quantity": 1, "product": 1, "price": "0.00"}}, {"model": "foodcartapp.orderitem", "pk": 145, "fields": {"order": 116, "quantity": 1, "product": 2, "price": "0.00"}}, {"model": "foodcartapp.orderitem", "pk": 146, "fields": {"order": 116, "quantity": 1, "product": 3, "price": "0.00"}}, {"model": "foodcartapp.orderitem", "pk": 147, "fields": {"order": 117, "quantity": 1, "product": 1, "price": "0.00"}}, {"model": "foodcartapp.orderitem", "pk": 148, "fields": {"order": 117, "quantity": 1, "product": 2, "price": "0.00"}}, {"model": "foodcartapp.orderitem", "pk": 149, "fields": {"order": 117, "quantity": 1, "product": 3, "price": "0.00"}}, {"model": "foodcartapp.orderitem", "pk": 150, "fields": {"order": 118, "quantity": 1, "product": 1, "price": "200.00"}}, {"model": "foodcartapp.orderitem", "pk": 151, "fields": {"order": 119, "quantity": 2, "product": 2, "price": "219.00"}}, {"model": "foodcartapp.orderitem", "pk": 152, "fields": {"order": 119, "quantity": 1, "product": 1, "price": "269.00"}}, {"model": "foodcartapp.orderitem", "pk": 153, "fields": {"order": 120, "quantity": 2, "product": 1, "price": "269.00"}}, {"model": "foodcartapp.orderitem", "pk": 154, "fields": {"order": 120, "quantity": 1, "product": 2, "price": "219.00"}}, {"model": "foodcartapp.orderitem", "pk": 155, "fields": {"order": 120, "quantity": 1, "product": 3, "price": "369.00"}}, {"model": "foodcartapp.orderitem", "pk": 156, "fields": {"order": 121, "quantity": 3, "product": 1, "price": "269.00"}}, {"model": "foodcartapp.orderitem", "pk": 157, "fields": {"order": 121, "quantity": 2, "product": 2, "price": "219.00"}}, {"model": "foodcartapp.orderitem", "pk": 158, "fields": {"order": 121, "quantity": 1, "product": 3, "price": "369.00"}}, {"model": "foodcartapp.orderitem", "pk": 159, "fields": {"order": 65, "quantity": 1, "product": 2, "price": "219.00"}}, {"model": "foodcartapp.orderitem", "pk": 160, "fields": {"order": 63, "quantity": 6, "product": 3, "price": "369.00"}}, {"model": "foodcartapp.orderitem", "pk": 161, "fields": {"order": 64, "quantity": 2, "product": 3, "price": "369.00"}}, {"model": "foodcartapp.orderitem", "pk": 162, "fields": {"order": 66, "quantity": 3, "product": 3, "price": "369.00"}}, {"model": "foodcartapp.orderitem", "pk": 163, "fields": {"order": 122, "quantity": 1, "product": 1, "price": "269.00"}}, {"model": "foodcartapp.orderitem", "pk": 164, "fields": {"order": 122, "quantity": 1, "product": 2, "price": "219.00"}}, {"model": "foodcartapp.orderitem", "pk": 165, "fields": {"order": 122, "quantity": 1, "product": 3, "price": "369.00"}}, {"model": "foodcartapp.orderitem", "pk": 166, "fields": {"order": 123, "quantity": 2, "product": 1, "price": "269.00"}}, {"model": "foodcartapp.orderitem", "pk": 167, "fields": {"order": 123, "quantity": 2, "product": 2, "price": "219.00"}}, {"model": "foodcartapp.orderitem", "pk": 168, "fields": {"order": 123, "quantity": 2, "product": 3, "price": "369.00"}}, {"model": "foodcartapp.orderitem", "pk": 169, "fields": {"order": 124, "quantity": 1, "product": 2, "price": "219.00"}}, {"model": "foodcartapp.orderitem", "pk": 170, "fields": {"order": 125, "quantity": 1, "product": 1, "price": "269.00"}}, {"model": "foodcartapp.orderitem", "pk": 171, "fields": {"order": 125, "quantity": 1, "product": 2, "price": "219.00"}}, {"model": "foodcartapp.orderitem", "pk": 172, "fields": {"order": 125, "quantity": 1, "product": 3, "price": "369.00"}}, {"model": "foodcartapp.orderitem", "pk": 173, "fields": {"order": 126, "quantity": 1, "product": 1, "price": "269.00"}}, {"model": "foodcartapp.orderitem", "pk": 174, "fields": {"order": 127, "quantity": 1, "product": 1, "price": "269.00"}}, {"model": "foodcartapp.orderitem", "pk": 175, "fields": {"order": 128, "quantity": 1, "product": 1, "price": "269.00"}}, {"model": "foodcartapp.orderitem", "pk": 176, "fields": {"order": 129, "quantity": 1, "product": 1, "price": "269.00"}}, {"model": "foodcartapp.orderitem", "pk": 177, "fields": {"order": 130, "quantity": 1, "product": 1, "price": "269.00"}}, {"model": "foodcartapp.orderitem", "pk": 178, "fields": {"order": 131, "quantity": 1, "product": 1, "price": "269.00"}}, {"model": "foodcartapp.orderitem", "pk": 179, "fields": {"order": 132, "quantity": 1, "product": 1, "price": "269.00"}}, {"model": "foodcartapp.orderitem", "pk": 180, "fields": {"order": 133, "quantity": 1, "product": 1, "price": "269.00"}}, {"model": "foodcartapp.orderitem", "pk": 181, "fields": {"order": 134, "quantity": 1, "product": 1, "price": "269.00"}}, {"model": "foodcartapp.orderitem", "pk": 182, "fields": {"order": 135, "quantity": 1, "product": 1, "price": "269.00"}}, {"model": "foodcartapp.orderitem", "pk": 183, "fields": {"order": 136, "quantity": 1, "product": 1, "price": "269.00"}}, {"model": "foodcartapp.orderitem", "pk": 184, "fields": {"order": 137, "quantity": 1, "product": 1, "price": "269.00"}}, {"model": "foodcartapp.orderitem", "pk": 185, "fields": {"order": 138, "quantity": 1, "product": 1, "price": "269.00"}}, {"model": "foodcartapp.orderitem", "pk": 186, "fields": {"order": 139, "quantity": 1, "product": 1, "price": "269.00"}}, {"model": "foodcartapp.orderitem", "pk": 187, "fields": {"order": 140, "quantity": 1, "product": 1, "price": "269.00"}}, {"model": "foodcartapp.orderitem", "pk": 188, "fields": {"order": 141, "quantity": 1, "product": 1, "price": "269.00"}}, {"model": "foodcartapp.orderitem", "pk": 189, "fields": {"order": 142, "quantity": 1, "product": 1, "price": "269.00"}}, {"model": "foodcartapp.orderitem", "pk": 190, "fields": {"order": 143, "quantity": 1, "product": 1, "price": "269.00"}}, {"model": "foodcartapp.orderitem", "pk": 191, "fields": {"order": 144, "quantity": 1, "product": 1, "price": "269.00"}}, {"model": "foodcartapp.orderitem", "pk": 192, "fields": {"order": 145, "quantity": 1, "product": 1, "price": "269.00"}}, {"model": "foodcartapp.orderitem", "pk": 193, "fields": {"order": 146, "quantity": 1, "product": 1, "price": "269.00"}}, {"model": "foodcartapp.orderitem", "pk": 194, "fields": {"order": 147, "quantity": 1, "product": 1, "price": "269.00"}}, {"model": "foodcartapp.orderitem", "pk": 195, "fields": {"order": 148, "quantity": 1, "product": 1, "price": "269.00"}}, {"model": "foodcartapp.orderitem", "pk": 196, "fields": {"order": 149, "quantity": 1, "product": 1, "price": "269.00"}}, {"model": "foodcartapp.orderitem", "pk": 197, "fields": {"order": 150, "quantity": 1, "product": 1, "price": "269.00"}}, {"model": "foodcartapp.orderitem", "pk": 198, "fields": {"order": 151, "quantity": 1, "product": 1, "price": "269.00"}}, {"model": "foodcartapp.orderitem", "pk": 199, "fields": {"order": 152, "quantity": 1, "product": 1, "price": "269.00"}}, {"model": "foodcartapp.orderitem", "pk": 200, "fields": {"order": 153, "quantity": 1, "product": 1, "price": "269.00"}}, {"model": "foodcartapp.orderitem", "pk": 201, "fields": {"order": 154, "quantity": 1, "product": 1, "price": "269.00"}}, {"model": "foodcartapp.orderitem", "pk": 202, "fields": {"order": 155, "quantity": 1, "product": 1, "price": "269.00"}}, {"model": "foodcartapp.orderitem", "pk": 203, "fields": {"order": 156, "quantity": 1, "product": 1, "price": "269.00"}}, {"model": "foodcartapp.orderitem", "pk": 204, "fields": {"order": 157, "quantity": 1, "product": 1, "price": "269.00"}}, {"model": "foodcartapp.orderitem", "pk": 205, "fields": {"order": 158, "quantity": 1, "product": 1, "price": "269.00"}}, {"model": "foodcartapp.orderitem", "pk": 206, "fields": {"order": 159, "quantity": 1, "product": 1, "price": "269.00"}}, {"model": "foodcartapp.orderitem", "pk": 207, "fields": {"order": 160, "quantity": 1, "product": 1, "price": "269.00"}}, {"model": "foodcartapp.orderitem", "pk": 208, "fields": {"order": 161, "quantity": 1, "product": 1, "price": "269.00"}}, {"model": "foodcartapp.orderitem", "pk": 209, "fields": {"order": 162, "quantity": 1, "product": 1, "price": "269.00"}}, {"model": "foodcartapp.orderitem", "pk": 210, "fields": {"order": 162, "quantity": 2, "product": 2, "price": "219.00"}}, {"model": "foodcartapp.orderitem", "pk": 211, "fields": {"order": 163, "quantity": 1, "product": 1, "price": "269.00"}}, {"model": "foodcartapp.orderitem", "pk": 212, "fields": {"order": 163, "quantity": 2, "product": 2, "price": "219.00"}}, {"model": "foodcartapp.orderitem", "pk": 213, "fields": {"order": 164, "quantity": 1, "product": 1, "price": "269.00"}}, {"model": "foodcartapp.orderitem", "pk": 214, "fields": {"order": 165, "quantity": 1, "product": 1, "price": "269.00"}}, {"model": "foodcartapp.orderitem", "pk": 215, "fields": {"order": 166, "quantity": 1, "product": 1, "price": "269.00"}}, {"model": "foodcartapp.orderitem", "pk": 216, "fields": {"order": 167, "quantity": 1, "product": 1, "price": "269.00"}}, {"model": "foodcartapp.orderitem", "pk": 217, "fields": {"order": 168, "quantity": 1, "product": 1, "price": "269.00"}}, {"model": "foodcartapp.orderitem", "pk": 218, "fields": {"order": 169, "quantity": 1, "product": 1, "price": "269.00"}}, {"model": "foodcartapp.orderitem", "pk": 219, "fields": {"order": 169, "quantity": 1, "product": 2, "price": "219.00"}}, {"model": "foodcartapp.orderitem", "pk": 220, "fields": {"order": 170, "quantity": 1, "product": 1, "price": "269.00"}}, {"model": "foodcartapp.orderitem", "pk": 221, "fields": {"order": 170, "quantity": 1, "product": 2, "price": "219.00"}}, {"model": "foodcartapp.orderitem", "pk": 222, "fields": {"order": 170, "quantity": 1, "product": 3, "price": "369.00"}}, {"model": "foodcartapp.orderitem", "pk": 223, "fields": {"order": 171, "quantity": 1, "product": 1, "price": "269.00"}}, {"model": "foodcartapp.orderitem", "pk": 224, "fields": {"order": 171, "quantity": 1, "product": 2, "price": "219.00"}}, {"model": "foodcartapp.orderitem", "pk": 225, "fields": {"order": 171, "quantity": 1, "product": 3, "price": "369.00"}}, {"model": "foodcartapp.orderitem", "pk": 226, "fields": {"order": 172, "quantity": 1, "product": 1, "price": "269.00"}}, {"model": "foodcartapp.orderitem", "pk": 227, "fields": {"order": 173, "quantity": 1, "product": 1, "price": "269.00"}}, {"model": "foodcartapp.orderitem", "pk": 228, "fields": {"order": 174, "quantity": 1, "product": 1, "price": "269.00"}}, {"model": "foodcartapp.orderitem", "pk": 229, "fields": {"order": 175, "quantity": 1, "product": 1, "price": "269.00"}}, {"model": "foodcartapp.orderitem", "pk": 230, "fields": {"order": 176, "quantity": 1, "product": 1, "price": "269.00"}}, {"model": "foodcartapp.orderitem", "pk": 231, "fields": {"order": 177, "quantity": 1, "product": 2, "price": "219.00"}}, {"model": "foodcartapp.orderitem", "pk": 232, "fields": {"order": 178, "quantity": 1, "product": 1, "price": "269.00"}}, {"model": "foodcartapp.orderitem", "pk": 233, "fields": {"order": 179, "quantity": 1, "product": 1, "price": "269.00"}}, {"model": "foodcartapp.orderitem", "pk": 234, "fields": {"order": 180, "quantity": 2, "product": 1, "price": "269.00"}}, {"model": "foodcartapp.orderitem", "pk": 235, "fields": {"order": 181, "quantity": 1, "product": 3, "price": "369.00"}}, {"model": "foodcartapp.orderitem", "pk": 236, "fields": {"order": 181, "quantity": 1, "product": 4, "price": "550.00"}}, {"model": "foodcartapp.orderitem", "pk": 237, "fields": {"order": 182, "quantity": 1, "product": 1, "price": "269.00"}}, {"model": "foodcartapp.orderitem", "pk": 238, "fields": {"order": 183, "quantity": 1, "product": 2, "price": "219.00"}}, {"model": "foodcartapp.orderitem", "pk": 239, "fields": {"order": 184, "quantity": 1, "product": 2, "price": "219.00"}}, {"model": "foodcartapp.orderitem", "pk": 240, "fields": {"order": 185, "quantity": 1, "product": 1, "price": "269.00"}}, {"model": "foodcartapp.orderitem", "pk": 241, "fields": {"order": 185, "quantity": 1, "product": 2, "price": "219.00"}}, {"model": "foodcartapp.orderitem", "pk": 242, "fields": {"order": 185, "quantity": 1, "product": 3, "price": "369.00"}}, {"model": "foodcartapp.orderitem", "pk": 243, "fields": {"order": 186, "quantity": 1, "product": 1, "price": "269.00"}}, {"model": "foodcartapp.orderitem", "pk": 244, "fields": {"order": 186, "quantity": 1, "product": 2, "price": "219.00"}}, {"model": "foodcartapp.orderitem", "pk": 245, "fields": {"order": 186, "quantity": 1, "product": 3, "price": "369.00"}}, {"model": "foodcartapp.orderitem", "pk": 246, "fields": {"order": 187, "quantity": 1, "product": 1, "price": "269.00"}}, {"model": "foodcartapp.orderitem", "pk": 247, "fields": {"order": 187, "quantity": 1, "product": 2, "price": "219.00"}}, {"model": "foodcartapp.orderitem", "pk": 248, "fields": {"order": 187, "quantity": 1, "product": 3, "price": "369.00"}}, {"model": "foodcartapp.orderitem", "pk": 249, "fields": {"order": 188, "quantity": 1, "product": 1, "price": "269.00"}}, {"model": "foodcartapp.orderitem", "pk": 250, "fields": {"order": 188, "quantity": 1, "product": 2, "price": "219.00"}}, {"model": "foodcartapp.orderitem", "pk": 251, "fields": {"order": 189, "quantity": 1, "product": 1, "price": "269.00"}}, {"model": "foodcartapp.orderitem", "pk": 252, "fields": {"order": 190, "quantity": 1, "product": 1, "price": "269.00"}}, {"model": "foodcartapp.orderitem", "pk": 253, "fields": {"order": 191, "quantity": 1, "product": 1, "price": "269.00"}}, {"model": "foodcartapp.orderitem", "pk": 254, "fields": {"order": 192, "quantity": 1, "product": 1, "price": "269.00"}}, {"model": "foodcartapp.orderitem", "pk": 255, "fields": {"order": 192, "quantity": 1, "product": 2, "price": "219.00"}}]